{
  "admin/server/seed-content.js": 1775735047.0411868,
  "admin/server/server.js": 1775733405.1168056,
  "admin/server/db.js": 1775739202.04092,
  "admin/server/migrate-investors.js": 1775726044.4193854,
  "admin/server/seed-settings.js": 1775725373.5048256,
  "admin/server/seed.js": 1775313768.8075418,
  "admin/server/middleware/auth.js": 1775160353.2913423,
  "admin/server/middleware/portalAuth.js": 1775728157.3766034,
  "admin/server/routes/deal-cashflow.js": 1775313821.7090201,
  "admin/server/routes/investors.js": 1775728244.0064876,
  "admin/server/routes/google-drive.js": 1775364570.2239234,
  "admin/server/routes/deal-sub-entities.js": 1775370123.6569407,
  "admin/server/routes/deal-financials.js": 1775313835.0180326,
  "admin/server/routes/public.js": 1775739243.088598,
  "admin/server/routes/auth.js": 1775379169.4773414,
  "admin/server/routes/users.js": 1775206154.205455,
  "admin/server/routes/deals.js": 1775379163.565709,
  "admin/server/routes/upload.js": 1775206343.741999,
  "admin/server/routes/portal.js": 1775728406.0547032,
  "admin/server/routes/audit.js": 1775206327.470431,
  "admin/server/routes/extract.js": 1775313861.17632,
  "admin/server/routes/content.js": 1775733393.2250476,
  "admin/server/routes/settings.js": 1775721564.6681952,
  "admin/server/helpers/audit.js": 1775206127.5570712,
  "admin/server/services/zillow-scraper.js": 1775365869.508316,
  "admin/server/services/xlsx-extractor.js": 1775215543.8321104,
  "admin/server/services/ai-extractor.js": 1775289855.1275558,
  "admin/public/portal/js/profile.js": 1775730672.374215,
  "admin/public/portal/js/auth.js": 1775730690.5750322,
  "admin/public/portal/js/deal.js": 1775730724.190141,
  "admin/public/portal/js/shared.js": 1775730715.6889124,
  "admin/public/portal/js/notifications.js": 1775730732.5146222,
  "admin/public/js/deal-edit.js": 1775379231.7419224,
  "admin/public/js/deal-wizard.js": 1775291160.3255,
  "admin/public/js/users.js": 1775297387.2648585,
  "admin/public/js/deals.js": 1775387022.553002,
  "admin/public/js/utils.js": 1775297240.503639,
  "admin/public/js/api.js": 1775160587.7651238,
  "admin/public/js/deal-tabs/documents.js": 1775298365.382766,
  "admin/public/js/deal-tabs/fundraising.js": 1775728436.7937543,
  "admin/public/js/deal-tabs/financial.js": 1775308540.162218,
  "admin/public/js/deal-tabs/specs.js": 1775298356.856197,
  "admin/public/js/deal-tabs/property.js": 1775325319.430153,
  "admin/public/js/deal-tabs/timeline.js": 1775316072.0685952,
  "admin/public/js/deal-tabs/cashflow.js": 1775298329.2147536,
  "admin/public/js/deal-tabs/comps.js": 1775377508.5638196,
  "admin/public/js/deal-tabs/renovation.js": 1775308230.59189,
  "admin/public/js/deal-tabs/images.js": 1775365218.9195156,
  "admin/public/uploads/extraction/1775216772328/1775216772328_SOW_206_Mountain_Ave_Red_Hammer.pdf": 1775216772.3297203,
  "admin/public/uploads/extraction/1775216465402/1775216465402_loan-application__3_.pdf": 1775216465.4062464,
  "admin/public/uploads/extraction/1775300219670/1775300219670_Construction_Draw_Schedule_1513_Oxmoor_Rd_UPDATED.pdf": 1775300219.6784213,
  "admin/public/uploads/extraction/1775216465405/1775216465405_SOW_206_Mountain_Ave_Red_Hammer.pdf": 1775216465.4064157,
  "admin/public/uploads/extraction/1775211231214/1775211231214_loan-application__3_.pdf": 1775211231.2174137,
  "admin/public/uploads/extraction/1775288488122/1775288488123_loan-application__3_.pdf": 1775288488.1279738,
  "admin/public/uploads/extraction/1775288310405/1775288310406_loan-application__3_.pdf": 1775288310.4086833,
  "admin/public/uploads/extraction/1775216230716/1775216230716_SOW_206_Mountain_Ave_Red_Hammer.pdf": 1775216230.7172084,
  "admin/public/uploads/extraction/1775288866603/1775288866603_loan-application__3_.pdf": 1775288866.607194,
  "admin/public/uploads/extraction/1775309122185/1775309122185_Construction_Draw_Schedule_1513_Oxmoor_Rd_UPDATED.pdf": 1775309122.1923578,
  "admin/public/uploads/extraction/1775205803625/1775205803625_loan-application__3_.pdf": 1775205803.6290102,
  "admin/public/uploads/extraction/1775211964513/1775211964513_SOW_206_Mountain_Ave_Red_Hammer.pdf": 1775211964.5149767,
  "admin/public/uploads/extraction/1775216768264/1775216768265_SOW_206_Mountain_Ave_Red_Hammer.pdf": 1775216768.2665782,
  "admin/public/uploads/extraction/1775216498608/1775216498608_SOW_206_Mountain_Ave_Red_Hammer.pdf": 1775216498.6095943,
  "admin/public/uploads/extraction/1775309122183/1775309122183_loan-application.pdf": 1775309122.1866207,
  "admin/public/uploads/extraction/1775310126711/1775310126711_Construction_Draw_Schedule_1513_Oxmoor_Rd_UPDATED.pdf": 1775310126.721245,
  "admin/public/uploads/extraction/1775216602985/1775216602985_SOW_206_Mountain_Ave_Red_Hammer.pdf": 1775216602.9864206,
  "admin/public/uploads/extraction/1775209015176/1775209015177_SOW_206_Mountain_Ave_Red_Hammer.pdf": 1775209015.1785278,
  "admin/public/uploads/extraction/1775200851057/1775200851057_SOW_206_Mountain_Ave_Red_Hammer-1.pdf": 1775200851.0589888,
  "admin/public/uploads/extraction/1775310126706/1775310126707_loan-application.pdf": 1775310126.7127054,
  "admin/public/uploads/extraction/1775216602983/1775216602983_loan-application__3_.pdf": 1775216602.9861689,
  "admin/public/uploads/extraction/1775200851056/1775200851056_loan-application__2_.pdf": 1775200851.0580688,
  "admin/public/uploads/extraction/1775209015177/1775209015177_loan-application__3_.pdf": 1775209015.1799393,
  "admin/public/uploads/extraction/1775200851051/1775200851051_206_Mountain_Ave_FINALIZED_CONTRACT__version_5_.pdf": 1775200851.0569499,
  "admin/public/uploads/extraction/1775216772325/1775216772325_loan-application__3_.pdf": 1775216772.3294463,
  "admin/public/uploads/extraction/1775216606832/1775216606832_loan-application__3_.pdf": 1775216606.834871,
  "admin/public/uploads/extraction/1775308733999/1775308733999_Construction_Draw_Schedule_1513_Oxmoor_Rd_UPDATED.pdf": 1775308734.0075011,
  "admin/public/uploads/extraction/1775216606834/1775216606834_SOW_206_Mountain_Ave_Red_Hammer.pdf": 1775216606.8352349,
  "admin/public/uploads/extraction/1775308733997/1775308733997_loan-application.pdf": 1775308733.999778,
  "admin/public/uploads/extraction/1775207525576/1775207525576_loan-application__3_.pdf": 1775207525.5811653,
  "admin/public/uploads/extraction/1775288866606/1775288866606_SOW_206_Mountain_Ave_Red_Hammer.pdf": 1775288866.6074722,
  "admin/public/uploads/extraction/1775209542461/1775209542461_SOW_206_Mountain_Ave_Red_Hammer.pdf": 1775209542.4621527,
  "admin/public/uploads/extraction/1775209542459/1775209542459_loan-application__3_.pdf": 1775209542.4618392,
  "admin/public/uploads/extraction/1775288310407/1775288310408_SOW_206_Mountain_Ave_Red_Hammer.pdf": 1775288310.4089835,
  "admin/public/uploads/extraction/1775216230714/1775216230714_loan-application__3_.pdf": 1775216230.716832,
  "admin/public/uploads/extraction/1775202228605/1775202228605_SOW_206_Mountain_Ave_Red_Hammer.pdf": 1775202228.6069512,
  "admin/public/uploads/extraction/1775207525579/1775207525579_SOW_206_Mountain_Ave_Red_Hammer.pdf": 1775207525.5814335,
  "admin/public/uploads/extraction/1775290113629/1775290113630_SOW_206_Mountain_Ave_Red_Hammer.pdf": 1775290113.6311183,
  "admin/public/uploads/extraction/1775202228602/1775202228602_loan-application__3_.pdf": 1775202228.6063647,
  "admin/public/uploads/extraction/1775290113627/1775290113627_loan-application__3_.pdf": 1775290113.630861,
  "admin/public/uploads/extraction/1775300219667/1775300219667_loan-application.pdf": 1775300219.6706803,
  "admin/public/uploads/extraction/1775211231217/1775211231217_SOW_206_Mountain_Ave_Red_Hammer-1.pdf": 1775211231.2187104,
  "admin/public/uploads/extraction/1775288488126/1775288488126_SOW_206_Mountain_Ave_Red_Hammer.pdf": 1775288488.1282377,
  "admin/public/uploads/extraction/1775211964510/1775211964510_loan-application__3_.pdf": 1775211964.51477,
