{
  "website/nagishli.js": 1775718834.2653055,
  "website/js/join.js": 1775769043.0298214,
  "website/js/landing.js": 1775402451.025045,
  "website/js/deals.js": 1775769015.0518923,
  "website/js/shared.js": 1775811679.685464,
  "website/js/settings.js": 1775725366.9133687,
  "website/nl-files/sfx/male/he_digits.js": 1775718834.2691596,
  "website/nl-files/sfx/male/en_digits.js": 1775718834.2699094,
  "website/CLAUDE.md": 1775403451.7447212,
  "website/nl-files/gfx/credits.txt": 1775718834.2768893
}